{
	"IcoMoonType": "selection",
	"icons": [
		{
			"icon": {
				"paths": [
					"M560.65 448.672l-537.875-448.672h-22.775v1024h22.775l540.722-452.405 540.722 452.405h22.775v-1024h-22.775l-543.569 448.672zM108.056 830.79v-641.692l394.201 322.902-394.201 318.79zM1018.939 830.79l-391.797-318.79 391.797-322.902c0 0 0 641.692 0 641.692z"
				],
				"width": 1127,
				"grid": 0,
				"tags": [
					"handsome_only_M"
				]
			},
			"properties": {
				"order": 1,
				"id": 0,
				"prevSize": 32,
				"code": 58880,
				"name": "handsome_only_M",
				"ligatures": ""
			}
		}
	],
	"height": 1024,
	"metadata": {
		"name": "handsome"
	},
	"preferences": {
		"showGlyphs": true,
		"showQuickUse": true,
		"fontPref": {
			"prefix": "font-icon-",
			"metadata": {
				"fontFamily": "handsome"
			},
			"metrics": {
				"emSize": 1024,
				"baseline": 6.25,
				"whitespace": 50
			},
			"resetPoint": 58880,
			"showMetrics": false,
			"showMetadata": false
		},
		"imagePref": {},
		"historySize": 100,
		"showCodes": true,
		"gridSize": 16
	}
}